City,Subject,Question
"Fort Bragg, North Carolina",Business,business research definition
"Fort Bragg, North Carolina",Business,business checking account
"Fort Bragg, North Carolina",Business,creative business ideas
"Fayetteville, North Carolina",Business,business license
"Fayetteville, North Carolina",Business,business checking account
"Fayetteville, North Carolina",Business,small business ideas
"Jacksonville, North Carolina",Business,business plan
"Jacksonville, North Carolina",Business,small business insurance
"Jacksonville, North Carolina",Business,business loans
"Wilmington, North Carolina",Business,business ideas
"Wilmington, North Carolina",Business,business plan template
"Wilmington, North Carolina",Business,business plan outline
"Jacksonville, Florida",Business,small business loans
"Jacksonville, Florida",Business,Florida business license
"Jacksonville, Florida",Business,business name generator
"Virginia Beach, Virginia",Business,business license
"Virginia Beach, Virginia",Business,business plan template
"Virginia Beach, Virginia",Business,business name generator
"Norfolk, Virginia",Business,business license
"Norfolk, Virginia",Business,side business ideas
"Norfolk, Virginia",Business,small business loans
"San Diego, California",Business,business plan template
"San Diego, California",Business,small business loans
"San Diego, California",Business,business license
"Fort Hood, Texas",Business,business name ideas
"Fort Hood, Texas",Business,freelance business
"Fort Hood, Texas",Business,business ideas
"San Antonio, Texas",Business,small business loans
"San Antonio, Texas",Business,business name generator
"San Antonio, Texas",Business,business plan template
"Minot, North Dakota",Business,business plan
"Minot, North Dakota",Business,business registry
"Minot, North Dakota",Business,businesses for sale
"Fort Drum, New York",Business,small business grants
"Fort Drum, New York",Business,business for sale
"Fort Drum, New York",Business,business loans
"Watertown, New York",Business,small business grants
"Watertown, New York",Business,small business loans
"Watertown, New York",Business,business culture definition
"Lakewood, Washington",Business,business license
"Lakewood, Washington",Business,renew business license
"Lakewood, Washington",Business,most profitable businesses
"Leesville, Louisiana",Business,business license
"Leesville, Louisiana",Business,business ideas
"Leesville, Louisiana",Business,principles of business
"Fort Bragg, North Carolina",Job Search,How to say you are willing to relocate in a resume?
"Fort Bragg, North Carolina",Job Search,How to answer an interview question?
"Fort Bragg, North Carolina",Job Search,How to create a cover letter?
"Fayetteville, North Carolina",Job Search,What is a cv?
"Fayetteville, North Carolina",Job Search,What is a temp?
"Fayetteville, North Carolina",Job Search,How to write a cover letter?
"Jacksonville, North Carolina",Job Search,How to write a resume?
"Jacksonville, North Carolina",Job Search,How to tell a job you have accepted another offer?
"Jacksonville, North Carolina",Job Search,How to start a thank you note?
"Wilmington, North Carolina",Job Search,How long should a resume be?
"Wilmington, North Carolina",Job Search,How many days should you wait to call a job after applying?
"Wilmington, North Carolina",Job Search,How long until I hear back from a job application?
"Jacksonville, Florida",Job Search,How to write a cover letter?
"Jacksonville, Florida",Job Search,What is a cv?
"Jacksonville, Florida",Job Search,How to write a resume?
"Virginia Beach, Virginia",Job Search,How to write a cover letter?
"Virginia Beach, Virginia",Job Search,How to write a resume?
"Virginia Beach, Virginia",Job Search,What is a job title?
"Norfolk, Virginia",Job Search,What is a cv?
"Norfolk, Virginia",Job Search,How to write a cover letter?
"Norfolk, Virginia",Job Search,How to write a resume?
"San Diego, California",Job Search,How to write a cover letter?
"San Diego, California",Job Search,How to negotiate salary?
"San Diego, California",Job Search,How to write a resume?
"Fort Hood, Texas",Job Search,What job should I have?
"Fort Hood, Texas",Job Search,How to ask if I've got the job?
"Fort Hood, Texas",Job Search,What types of questions should you ask at a job interview?
"San Antonio, Texas",Job Search,How to write a cover letter?
"San Antonio, Texas",Job Search,How to write a resume?
"San Antonio, Texas",Job Search,What career is right for me?
"Minot, North Dakota",Job Search,Why can't I get a good paying job?
"Minot, North Dakota",Job Search,How many years of employment should be on a resume?
"Minot, North Dakota",Job Search,How to ace an interview?
"Fort Drum, New York",Job Search,What is the right career for me?
"Fort Drum, New York",Job Search,What to put on a resume?
"Fort Drum, New York",Job Search,What is a remote job?
"Watertown, New York",Job Search,How to write a cover letter?
"Watertown, New York",Job Search,Where does a professional summary go on a resume?
"Watertown, New York",Job Search,What are the benefits of career planning?
"Lakewood, Washington",Job Search,How to make a resume?
"Lakewood, Washington",Job Search,What defines an entry level job?
"Lakewood, Washington",Job Search,How to find jobs?
"Leesville, Louisiana",Job Search,How to write a thank you note?
"Leesville, Louisiana",Job Search,What do I put for objective in a resume?
"Leesville, Louisiana",Job Search,Why is job satisfaction and performance important?
"Fort Bragg, North Carolina",Job Types,Army Jobs
"Fort Bragg, North Carolina",Job Types,Government Jobs
"Fort Bragg, North Carolina",Job Types,Aircraft Maintenance Jobs
"Fayetteville, North Carolina",Job Types,Government Jobs
"Fayetteville, North Carolina",Job Types,Online Jobs
"Fayetteville, North Carolina",Job Types,Flight Attendant Jobs
"Jacksonville, North Carolina",Job Types,Government Jobs
"Jacksonville, North Carolina",Job Types,Online Jobs
"Jacksonville, North Carolina",Job Types,Cyber Security Jobs
"Wilmington, North Carolina",Job Types,Government Jobs
"Wilmington, North Carolina",Job Types,Human Resources Jobs
"Wilmington, North Carolina",Job Types,Marine Biology Jobs
"Jacksonville, Florida",Job Types,Warehouse Jobs
"Jacksonville, Florida",Job Types,Government Jobs
"Jacksonville, Florida",Job Types,Online Jobs
"Virginia Beach, Virginia",Job Types,Government Jobs
"Virginia Beach, Virginia",Job Types,Warehouse Jobs
"Virginia Beach, Virginia",Job Types,Shipyard Jobs
"Norfolk, Virginia",Job Types,Government Jobs
"Norfolk, Virginia",Job Types,Warehouse Jobs
"Norfolk, Virginia",Job Types,Shipyard Jobs
"San Diego, California",Job Types,Government Jobs
"San Diego, California",Job Types,Remote Jobs
"San Diego, California",Job Types,Part Time Jobs
"Fort Hood, Texas",Job Types,Government Jobs
"Fort Hood, Texas",Job Types,Border Patrol Jobs
"Fort Hood, Texas",Job Types,Construction Jobs
"San Antonio, Texas",Job Types,Government Jobs
"San Antonio, Texas",Job Types,Part Time Jobs
"San Antonio, Texas",Job Types,Call Center Jobs
"Minot, North Dakota",Job Types,Wedding Jobs
"Minot, North Dakota",Job Types,Aviation Consulting Jobs
"Minot, North Dakota",Job Types,EMT Jobs
"Fort Drum, New York",Job Types,Dental Hygienist
"Fort Drum, New York",Job Types,Air Traffic Controller
"Fort Drum, New York",Job Types,Freelance Jobs
"Watertown, New York",Job Types,Administrative Assistant
"Watertown, New York",Job Types,Veterinarian
"Watertown, New York",Job Types,Government Jobs
"Lakewood, Washington",Job Types,Government Jobs
"Lakewood, Washington",Job Types,Part Time Jobs
"Lakewood, Washington",Job Types,Airport Jobs
"Leesville, Louisiana",Job Types,Teacher
"Leesville, Louisiana",Job Types,Army Jobs
"Leesville, Louisiana",Job Types,Call Center Jobs